num_egs,bert_score
10,0.7940060496330261
9,0.780491292476654
