num_egs,bert_score
10,0.7873145341873169
10,0.7909308671951294
