num_egs,bert_score,bleu_score
10,0.7270416021347046,0.0
10,0.7703295946121216,0.0016980023178685142
10,0.7694375514984131,0.0020807312050418964
