num_egs,bert_score,bleu_score
10,0.7270416021347046,0.0
10,0.7715460062026978,0.002018238550970895
10,0.774915337562561,0.006778879365743105
