num_egs,bert_score,bleu_score
10,0.7270416021347046,0.0
10,0.7595610618591309,0.0017329547200385725
9,0.7711862325668335,0.00338618449332905
