num_samples,num_demonstrations,bert_score,bleu_score
100,0,0.8298759460449219,0.17525260891171113
100,1,0.8278513550758362,0.1757238500999913
100,2,0.8284944891929626,0.17723697148475906
