num_samples,num_demonstrations,bert_score,bleu_score,accuracy
100,0,0.8144367933273315,0.08754208754208753,0.04
100,1,0.8929168581962585,0.27490996398559425,0.2
100,2,0.8907725811004639,0.27463863337713534,0.26
100,3,0.8933748602867126,0.29554140127388534,0.24
100,4,0.9005205035209656,0.33618581907090467,0.38
