num_samples,num_demonstrations,bert_score,bleu_score
100,0,0.8284491896629333,0.010034904013961609
100,1,0.8469492197036743,0.010663507109004742
100,2,0.8403311371803284,0.010499790004199922
