num_samples,num_demonstrations,bert_score,bleu_score
100,0,0.8343984484672546,0.018850251726964057
100,1,0.8493024706840515,0.01746485061511423
100,2,0.8578699231147766,0.018008948545861304
