num_samples,num_demonstrations,bert_score,bleu_score,accuracy
100,0,0.8206450939178467,0.09900990099009901,0.02
100,1,0.9137063026428223,0.40520984081041966,0.26
100,2,0.9222272634506226,0.4464555052790347,0.28
100,3,0.907925009727478,0.3662374821173104,0.18
100,4,0.9285746812820435,0.48516320474777447,0.32
