num_samples,num_demonstrations,bert_score,bleu_score
99,0,0.8350096344947815,0.15715326694194803
100,1,0.8393986225128174,0.1522282688630681
100,2,0.8418919444084167,0.15398605638072144
