num_samples,num_demonstrations,bert_score,bleu_score
100,0,0.7971488833427429,0.11605089682661354
100,1,0.8052818179130554,0.13694220197117526
100,2,0.7999194860458374,0.1168647009926165
