num_samples,num_demonstrations,bert_score,bleu_score
100,0,0.8338778018951416,0.15302690582959638
100,1,0.8400332927703857,0.15036014405762307
100,2,0.8379734754562378,0.14788325386504841
