num_samples,num_demonstrations,bert_score,bleu_score
100,0,0.8331124186515808,0.018714011516314782
100,1,0.8511331081390381,0.016681299385425813
100,2,0.8535289168357849,0.01689225771521386
