num_samples,num_demonstrations,bert_score,bleu_score
100,0,0.0077506438829004765,1.7700851986647467e-23
100,1,0.7962771058082581,0.15445359599218816
100,2,0.804502010345459,0.15094509450945096
