num_samples,num_demonstrations,bert_score,bleu_score
100,0,0.8412371277809143,0.017453963170536425
96,1,0.9401292204856873,0.1142953889309642
98,2,0.9368817210197449,0.05255420588163462
97,3,0.9458386898040771,0.056888573377027164
100,4,0.9464909434318542,0.06989709382257404
