num_samples,num_demonstrations,bert_score,bleu_score
99,0,0.8310244083404541,0.16741089551027033
100,1,0.8357654809951782,0.1627381579938248
100,2,0.8353058099746704,0.1578179291174427
