num_egs,bert_score,bleu_score
100,0.732837975025177,0.0008584060322392569
100,0.7695146203041077,0.001964736576563444
97,0.7908945679664612,0.005368769596343169
46,0.8235353231430054,0.013743676605038654
