num_samples,num_demonstrations,bert_score,bleu_score
100,0,0.833573579788208,0.01852280620514008
100,1,0.8518322706222534,0.017097862767154103
100,2,0.8535274267196655,0.016862658087419578
