num_samples,num_demonstrations,bert_score,bleu_score
100,0,0.8339446187019348,0.17399868680236374
100,1,0.8323819637298584,0.20169535960849427
100,2,0.8324716687202454,0.2042981252857796
