num_samples,num_demonstrations,bert_score,bleu_score
99,0,0.8451906442642212,0.18273252340171278
100,1,0.8827542066574097,0.25071348266020926
100,2,0.8869949579238892,0.26179775280898876
