num_samples,num_demonstrations,bert_score,bleu_score
100,0,0.8616596460342407,0.27299703264094954
100,1,0.8537839651107788,0.2360703812316716
100,2,0.8580599427223206,0.25314491096226105
