num_samples,num_demonstrations,bert_score,bleu_score,bleurt
100,0,0.0077506438829004765,1.7700851986647467e-23,-1.0482745653390884
100,1,0.7938811779022217,0.1745768947755703,-0.2985760285146534
100,2,0.8196077942848206,0.1683115497465991,-0.23244720191694795
