num_samples,num_demonstrations,bert_score,bleu_score,bleurt_score
100,0,0.8616596460342407,0.27299703264094954,0.11865965022705495
100,1,0.8534538745880127,0.2335574872888306,-0.012947756852954627
100,2,0.863162636756897,0.2538263251168036,0.09153444704599678
