num_samples,num_demonstrations,bert_score,bleu_score,bleurt_score
100,0,0.8448266386985779,0.16842992229192022,-0.37545028583146633
100,1,0.8841248154640198,0.2503056768558952,-0.15178516449406743
100,2,0.892311155796051,0.2739165985282093,-0.06376707395538687
