num_samples,num_demonstrations,bert_score,bleu_score,bleurt
100,0,0.8294956088066101,0.18541581319131503,-0.3010521793365479
100,1,0.8291694521903992,0.20689655172413796,-0.36485214965417984
100,2,0.8380688428878784,0.21990012946180876,-0.27617452355101707
