,gpt2-alpaca,,,,minstral-instruct,,,,gpt2-medium-alpaca,,,
,bleu,bertscore-f1,bertscore-recall,bertscore-precision,bleu,bertscore-f1,bertscore-recall,bertscore-precision,bleu,bertscore-f1,bertscore-recall,bertscore-precision
alpaca,0.063550361,0.88272646,0.880137615,0.886266701,0.073547458,0.883232867,0.896342615,0.87104232,0.072644769,0.885941926,0.883758342,0.889244449
Medical MCQ,0.002253514,0.805014781,0.837768555,0.776561075,0.041795603,0.858608199,0.876358705,0.84207169,0.013875408,0.858737704,0.863287501,0.857579122
Med QA,0.004727268,0.83012141,0.835009305,0.825975468,0.018587621,0.850509281,0.864687479,0.837010568,0.008119505,0.843111189,0.841795964,0.844903507
law QA,0.017845426,0.831162969,0.822407712,0.84129279,0.059531072,0.858737946,0.861063916,0.856693526,0.013607361,0.846252202,0.830391285,0.863452074
Sentiment Analysis,0.13,0.821269374,0.834535167,0.834535167,0.44,0.948736526,0.95028196,0.947265866,0.34,0.863813961,0.870543601,0.857781863
natural instructions,0.016367953,0.8162844,0.827935214,0.806628451,0.09287298,0.878368627,0.883938491,0.873476658,0.017794913,0.83599888,0.854062095,0.820314165
,,,,,,,,,,,,
