num_samples,bert_score,bleu_score
100,0.555853545665741,0.09970784329474411
