num_samples,bert_score,bleu_score
100,0.9352838397026062,0.24374872877470605
