num_samples,bert_score,bleu_score,accuracy,bleurt
100,0.8321371674537659,0.008304341908758105,0.06,-1.3633700636029245
