num_samples,bert_score,bleu_score,accuracy,bleurt
100,0.740254282951355,0.0035462929714187887,0.06,-1.429872459769249
