num_samples,bert_score,bleu_score,bleu_score4,accuracy,bleurt
100,0.8321371674537659,0.008304341908758105,0.000810501123226723,0.5714285714285714,-1.3633700636029245
