num_samples,bert_score,bleu_score,accuracy,bleurt
98,0.8960986733436584,0.45,0.5510204081632653,0.7495011355803938
