num_samples,bert_score,bleu_score,bleu_score4,bleurt_score
100,0.8961037397384644,0.07272727272727272,0.0,-0.8759632961824536
