num_samples,bert_score,bleu_score
100,0.8814513683319092,0.27614276768941765
