bert_score,bleu_score,accuracy
0.8459568619728088,0.002026244527971437,0.2244597249508841
