num_samples,bert_score,bleu_score
100,0.8237914443016052,0.10577863586182194
