num_samples,bert_score,bleu_score
100,0.9134200811386108,0.12660944206008584
