num_samples,bert_score,bleu_score1,bleu_score4,accuracy,bleurt
100,0.8379001021385193,0.002406273556988163,0.0,0.23,-1.7856781005859375
