num_samples,bert_score,bleu_score,accuracy
100,0.8361691832542419,0.0027201353252909667,0.26
