num_samples,bert_score,bleu_score,bleurt_score
100,0.5231961011886597,0.07429441150990644,-1.2934006366878747
