num_samples,bert_score,bleu_score,accuracy,bleurt
100,0.6470515727996826,0.004406440547309218,0.14,-1.7723801392316818
