num_samples,bert_score,bleu_score,accuracy,bleurt
98,0.8957218527793884,0.2621359223300971,0.5510204081632653,0.7410841897434118
