num_samples,bert_score,bleu_score,accuracy,bleurt
100,0.6462833285331726,0.028449242419108123,0.14,-1.7791072210669518
