num_samples,bert_score,bleu_score,bleurt_score
100,0.8814513683319092,0.27614276768941765,-0.9041765273362398
