num_samples,bert_score,bleu_score,bleu_score4,bleurt_score
100,0.7377298474311829,0.033294257723741845,0.008015973747108078,-1.2229001524299383
