num_samples,bert_score,bleu_score,bleu_score4,accuracy,bleurt
100,0.8259459137916565,0.016909572726511578,0.006270190012400545,0.5714285714285714,-1.2075431156158447
