num_samples,bert_score,bleu_score,bleurt_score
100,0.555853545665741,0.09970784329474411,-0.8684218935668468
