num_samples,bert_score,bleu_score,accuracy,bleurt
98,0.9680275917053223,0.5714285714285714,0.5714285714285714,0.8816635821546827
