num_samples,bert_score,bleu_score
100,0.7378199696540833,0.12459842153324359
