num_samples,num_demonstrations,bert_score,bleu_score,bleurt
100,0,0.8265590071678162,0.1774860199367858,-0.6942572120577097
100,1,0.8280665874481201,0.19248667399949235,-0.6157451947405934
100,2,0.8274962902069092,0.19422911283376398,-0.6404838864132762
