num_samples,num_demonstrations,bert_score,bleu_score
100,0,0.8150923848152161,0.04608192341941228
100,1,0.8219000101089478,0.03557744937055282
100,2,0.8259094953536987,0.03152326460110116
