num_samples,num_demonstrations,bert_score,bleu_score,bleurt
100,0,0.0077506438829004765,1.7700851986647467e-23,-2.1337493932247162
100,1,0.8108228445053101,0.148197820620285,-0.769115140773356
100,2,0.8088598847389221,0.1583710407239819,-0.6382033786550164
