num_samples,num_demonstrations,bert_score,bleu_score
100,0,0.7933433055877686,0.018747466558573164
91,1,0.8141124844551086,0.018923649092102385
90,2,0.8121344447135925,0.015853658536585366
